"HTML 5与CSS 3权威指南 第4版 下册 PDF 下载","http://www.java1234.com/a/javabook/webbase/2021/0121/18889.html","null","null"
"大前端知识 PDF 下载","http://www.java1234.com/a/javabook/webbase/2021/0115/18841.html","https://pan.baidu.com/s/1CB8kwNBC1MOC8Uv8MPADEg","at2d"
" promise学习笔记 PDF 下载","http://www.java1234.com/a/javabook/webbase/2021/0114/18830.html","https://pan.baidu.com/s/10J6aUbXely83xkCOg22GXg","mvr8"
"ES6开发学习笔记 PDF 下载","http://www.java1234.com/a/javabook/webbase/2021/0114/18827.html","https://pan.baidu.com/s/1LpEPrGRMesSz5wATS36Pig","okca"
"Flutter：从0到1构建大前端应用 PDF 下载","http://www.java1234.com/a/javabook/webbase/2019/0821/14355.html","null","null"
"ECMScript6学习文档 PDF 下载","http://www.java1234.com/a/javabook/webbase/2021/0110/18801.html","https://pan.baidu.com/s/1Kcj_8fVeIwWTjAWKP2z3CQ","g1rp"
"JavaScript高级程序设计(第4版) PDF 下载","http://www.java1234.com/a/javabook/webbase/2020/1231/18729.html","null","null"
"JavaScript从小白到入门图文教程 PDF 下载","http://www.java1234.com/a/javabook/webbase/2020/1230/18724.html","https://pan.baidu.com/s/1-FurYCHznQKsdV7Zj4vzkg","zsk0"
"js事件广播实现数据传递 PDF 下载","http://www.java1234.com/a/javabook/webbase/2020/1227/18701.html","https://pan.baidu.com/s/1F36JSNLuO0beSmOGZwwPjw","dzcp"
"AJAX 解析JSON数据格式 PDF 下载","http://www.java1234.com/a/javabook/webbase/2020/1218/18618.html","https://pan.baidu.com/s/13-jT5YDpfnW_-Lhr8jwRnA","izbw"
"HTML5+CSS3+JavaScript前端开发基础 PDF 下载","http://www.java1234.com/a/javabook/webbase/2020/1218/18609.html","null","null"
"ajax技术基础介绍 PDF 下载","http://www.java1234.com/a/javabook/webbase/2020/1214/18574.html","https://pan.baidu.com/s/1cHLuWtI9uHPfwp-Jnz_CDA","ngv1"
"最常见IE的Bug及其fix修复方法 PDF 下载","http://www.java1234.com/a/javabook/webbase/2020/1214/18573.html","https://pan.baidu.com/s/1DKjBDM96p-eviAJAjqm2SQ","cg3l"
"HTML5+CSS3+JavaScript从入门到精通 微课精编版 PDF 下载","http://www.java1234.com/a/javabook/webbase/2020/1214/18562.html","null","null"
"react与vue使用对比 PDF 下载","http://www.java1234.com/a/javabook/webbase/2020/1211/18540.html","https://pan.baidu.com/s/1hckOklRr6VldcKsMMdw-IA","evcp"
"JavaScript原生Ajax笔记 PDF 下载","http://www.java1234.com/a/javabook/webbase/2020/1211/18537.html","https://pan.baidu.com/s/1YVcpqR6M1sRt-vrVHA19nA","lcqd"
"前端面试资料 基础篇 PDF 下载","http://www.java1234.com/a/javabook/webbase/2020/1210/18531.html","https://pan.baidu.com/s/1xz_zgFHEWvx1OzT41uLr-A","5hvo"
"vue3中英文官方文档 带标签 PDF 下载","http://www.java1234.com/a/javabook/webbase/2020/1210/18529.html","https://pan.baidu.com/s/1MNiwCLmv1mf-tKPDi-hynA","8wz9"
"ECMAScript 6入门 PDF 下载","http://www.java1234.com/a/javabook/webbase/2020/1207/18499.html","https://pan.baidu.com/s/1BeO3SHDD4cautB-nDsTo4Q","p3xe"
"JavaScript面向对象精要 PDF 下载","http://www.java1234.com/a/javabook/webbase/2020/1202/18446.html","null","null"
"Js+DOM+BOM+Jquery+Vue笔记 PDF 下载","http://www.java1234.com/a/javabook/webbase/2020/1204/18470.html","https://pan.baidu.com/s/1sYfEkz2qAQgv3RJ13H1NYg","2b1j"
" HTML 5+CSS 3+JavaScript从入门到项目实践 超值版 PDF 下载","http://www.java1234.com/a/javabook/webbase/2020/1201/18432.html","null","null"
"DOM启蒙 PDF 下载","http://www.java1234.com/a/javabook/webbase/2020/1201/18431.html","null","null"
"HTML&amp;CSS总结 PDF 下载","http://www.java1234.com/a/javabook/webbase/2020/1129/18413.html","https://pan.baidu.com/s/1cPMj89f5GAEdzffSdY_58Q","rxae"
"HTML5+CSS3+JavaScript从入门到精通（标准版） PDF 下载","http://www.java1234.com/a/javabook/webbase/2020/1125/18366.html","null","null"
"jquery实现页面常用的返回顶部效果 PDF 下载","http://www.java1234.com/a/javabook/webbase/2020/1124/18364.html","https://pan.baidu.com/s/18Ky3t-lBvV4O8oNCbpv04A","chkz"
"ps javascript 自动化处理 PDF 下载","http://www.java1234.com/a/javabook/webbase/2020/1116/18270.html","https://pan.baidu.com/s/1fS271gr3wPWSkB4MJkKTPQ","hhur"
"Cordova_Ionic_AngularJs环境安装及Eclipse开发HybridApp的配置 PDF 下载","http://www.java1234.com/a/javabook/webbase/2020/1113/18240.html","https://pan.baidu.com/s/1cNgLoiJavRFDbX2TzDwwbA","w2pz"
"HTML5 APP商业开发实战教程基于WEX5可视化开发平台 PDF 下载","http://www.java1234.com/a/javabook/webbase/2020/1030/18077.html","null","null"
"javascript面向对象编程 PDF 下载","http://www.java1234.com/a/javabook/webbase/2020/1027/18045.html","https://pan.baidu.com/s/1_KrqjvmP70WgnuqZQ3Cs8g","1leo"
"JavaScript编程思想 从ES5到ES9 PDF 下载","http://www.java1234.com/a/javabook/webbase/2020/1022/17974.html","null","null"
"使用JavaScript API构建Web 3D应用 PDF 下载","http://www.java1234.com/a/javabook/webbase/2020/1021/17973.html","https://pan.baidu.com/s/16ewlh-kNcrz1coL5BVVKZw","71y8"
"前端程序员面试笔试宝典 PDF 下载","http://www.java1234.com/a/javabook/webbase/2020/1019/17938.html","null","null"
"Bootstrap与移动应用开发 PDF 下载","http://www.java1234.com/a/javabook/webbase/2020/1017/17915.html","null","null"
"jQuery前端开发之网页特效 PDF 下载","http://www.java1234.com/a/javabook/webbase/2020/1015/17888.html","null","null"
"HTML5+CSS3前端技术 UI设计师与开发人员合作秘籍 PDF 下载","http://www.java1234.com/a/javabook/webbase/2020/1014/17878.html","null","null"
"Autojs官方提取文档 PDF 下载","http://www.java1234.com/a/javabook/webbase/2020/1012/17855.html","https://pan.baidu.com/s/12rdtbU83bScF6KPOWKGu4A","aarc"
"HTML5+CSS3开发实战 PDF 下载","http://www.java1234.com/a/javabook/webbase/2020/1009/17821.html","null","null"
"Web前端开发精品课 HTML5 Canvas开发详解 PDF 下载","http://www.java1234.com/a/javabook/webbase/2020/1008/17813.html","null","null"
"<b>网站UI商业项目实战 令人惊叫的网页是这样炼成的！PDF 下载</b>","http://www.java1234.com/a/javabook/webbase/2020/1006/17797.html","null","null"
"<b>移动UI界面设计 PDF 下载</b>","http://www.java1234.com/a/javabook/webbase/2020/1006/17798.html","null","null"
"HTML5应用开发与实战 PDF 下载","http://www.java1234.com/a/javabook/webbase/2020/0924/17663.html","null","null"
"HTML CSS JavaScript 网页制作从入门到精通 第3版 PDF 下载","http://www.java1234.com/a/javabook/webbase/2020/0921/17626.html","null","null"
"Auto.js Pro 官方文档 PDF 下载","http://www.java1234.com/a/javabook/webbase/2020/0919/17607.html","https://pan.baidu.com/s/1KEaJGPPkoazf8xxW4Rjtow","lwle"
"HTML+CSS+JAVASCRIPT网页设计从入门到精通 PDF 下载","http://www.java1234.com/a/javabook/webbase/2020/0917/17580.html","null","null"
"css学习笔记 PDF 下载","http://www.java1234.com/a/javabook/webbase/2020/0912/17509.html","https://pan.baidu.com/s/119pVfTrojTSBDsnGdiiuJQ","qvgx"
"精通CSS 高级Web标准解决方案 第3版 PDF 下载","http://www.java1234.com/a/javabook/webbase/2020/0908/17453.html","null","null"
"The Complete JavaScript Handbook PDF 下载","http://www.java1234.com/a/javabook/webbase/2020/0831/17357.html","https://pan.baidu.com/s/1MaDJBPfSh5T-Gl541vHnyw","i0bd"
"HTML5封装成android应用APK文件 PDF 下载","http://www.java1234.com/a/javabook/webbase/2020/0826/17288.html","https://pan.baidu.com/s/1v8bYRRVdI_LYx5GgLA2V6A","tf1y"
"React+Redux前端开发实战 PDF 下载","http://www.java1234.com/a/javabook/webbase/2019/0725/14108.html","null","null"
"node.js 实战 第二版 PDF 下载","http://www.java1234.com/a/javabook/webbase/2020/0822/17239.html","null","null"
"了不起的JavaScript工程师：从前端到全端高级进阶","http://www.java1234.com/a/javabook/webbase/2019/0906/14559.html","null","null"
"HTML5+CSS3+JavaScript从入门到精通（实例版） PDF 下载","http://www.java1234.com/a/javabook/webbase/2019/0917/14684.html","null","null"
"前端架构 从入门到微前端 PDF 下载","http://www.java1234.com/a/javabook/webbase/2020/0819/17210.html","null","null"
"Head First深入浅出Ajax 中文版 PDF 下载","http://www.java1234.com/a/javabook/webbase/2020/0818/17189.html","null","null"
"深入理解ES6 PDF 下载","http://www.java1234.com/a/javabook/webbase/2020/0814/17138.html","null","null"
"<b>vue3学习笔记 PDF 下载</b>","http://www.java1234.com/a/javabook/webbase/2020/0809/17085.html","https://pan.baidu.com/s/1MZQuZE3kZP8_nxexAI-XmA","69ii"
"Ajax高级程序设计 （第二版）PDF 下载","http://www.java1234.com/a/javabook/webbase/2020/0806/17047.html","null","null"
"HTML5从入门到精通 PDF 下载","http://www.java1234.com/a/javabook/webbase/2019/0824/14381.html","null","null"
"React.js实战 PDF 下载","http://www.java1234.com/a/javabook/webbase/2020/0804/17028.html","null","null"
"<b>XMLHttpRequest中文参考手册 PDF 下载</b>","http://www.java1234.com/a/javabook/webbase/2020/0803/17025.html","https://pan.baidu.com/s/10owY0qnZbN8X6YjnuPzdQA","7fpm"
"<b>细说AJAX与jQuery PDF 下载</b>","http://www.java1234.com/a/javabook/webbase/2020/0803/17016.html","null","null"
"<b>HTML 列表中的dl,dt,dd,ul,li,ol区别及应用 PDF 下载</b>","http://www.java1234.com/a/javabook/webbase/2020/0802/17007.html","https://pan.baidu.com/s/13DxGgIn8QDQ5p4I-mqvoSQ","pguo"
"<b>Angular离线帮助文档 PDF 下载</b>","http://www.java1234.com/a/javabook/webbase/2020/0802/17003.html","https://pan.baidu.com/s/1-HGDs1OKJ-q0rEUd3Xcw7w","adtc"
"Webpack实战：入门、进阶与调优 PDF 下载","http://www.java1234.com/a/javabook/webbase/2019/0722/14092.html","null","null"
"JavaScript函数式编程思想 PDF 下载","http://www.java1234.com/a/javabook/webbase/2020/0729/16957.html","null","null"
"深入浅出Vue.js PDF 下载","http://www.java1234.com/a/javabook/webbase/2020/0728/16947.html","null","null"
"阿里巴巴Java开发手册 PDF 下载","http://www.java1234.com/a/javabook/webbase/2020/0728/16946.html","null","null"
"vue.js前端开发技术 PDF 下载","http://www.java1234.com/a/javabook/webbase/2020/0727/16938.html","null","null"
"Vue.js开发实战 PDF 下载","http://www.java1234.com/a/javabook/webbase/2019/0929/14813.html","null","null"
"<b>Ext4.1.0 Doc中文版 V1.0.0 Beta PDF 下载</b>","http://www.java1234.com/a/javabook/webbase/2020/0726/16931.html","https://pan.baidu.com/s/1M2Y_VnWtwM3Uv5R0s6KPhA","4d49"
"<b>Vue.js在前端开发应用中的性能影响研究 PDF 下载</b>","http://www.java1234.com/a/javabook/webbase/2020/0721/16885.html","https://pan.baidu.com/s/1RsE738nJ2qBHXDF8wh2w_w","o6hj"
"<b>基于Vue.js的移动应用可视化平台的研究 PDF 下载</b>","http://www.java1234.com/a/javabook/webbase/2020/0719/16867.html","https://pan.baidu.com/s/1ncrmpJ_9Y-r9hyWcsH10RA","tlq9"
"<b>coffeescript 入门手册 PDF 下载</b>","http://www.java1234.com/a/javabook/webbase/2020/0716/16826.html","https://pan.baidu.com/s/1jLHBSifdblcos7AdxUjlSA","g0xb"
"<b>HTML5开发人员编码规范 PDF 下载</b>","http://www.java1234.com/a/javabook/webbase/2020/0708/16762.html","https://pan.baidu.com/s/1rfe_nlTisJSt98-CslBZLA","eklr"
"狼书（卷1）：更了不起的Node.js PDF 下载","http://www.java1234.com/a/javabook/webbase/2019/0908/14576.html","null","null"
"<b>Testing Vue.js Applications 1st Edition PDF 下载</b>","http://www.java1234.com/a/javabook/webbase/2020/0707/16758.html","https://pan.baidu.com/s/1qpxFKVaXVQeHwFJNGsBq4A","unv0"
"<b>ES6 学习笔记 PDF 下载</b>","http://www.java1234.com/a/javabook/webbase/2020/0707/16755.html","https://pan.baidu.com/s/1CcFZoHIri1B8Z-Lz07SoYg","hu8c"
"<b>Vue.js从入门到项目实战 PDF 下载</b>","http://www.java1234.com/a/javabook/webbase/2020/0706/16753.html","null","null"
"<b>Vue音乐电影评论详细报告 PDF 下载</b>","http://www.java1234.com/a/javabook/webbase/2020/0705/16746.html","https://pan.baidu.com/s/1FPJjMx6o91IO6BEGhPSALQ","kv3q"
"<b>旅游网站报告HTML5移动Web开发技术 PDF 下载</b>","http://www.java1234.com/a/javabook/webbase/2020/0701/16717.html","https://pan.baidu.com/s/1uUI13H1je65di6niDeiAYg","34w2"
"<b>html5本地存储 PDF 下载</b>","http://www.java1234.com/a/javabook/webbase/2020/0617/16631.html","https://pan.baidu.com/s/1ZGsHuoe2l1p-3Q4u1hOCTA","h3vb"
"<b>前端小册子-JS知识点总结 PDF 下载</b>","http://www.java1234.com/a/javabook/webbase/2020/0604/16558.html","https://pan.baidu.com/s/1SlEb8LQAbhnwv-vWRxjkHg","51r0"
"<b>学习JavaScript数据结构与算法 PDF 下载</b>","http://www.java1234.com/a/javabook/webbase/2020/0603/16553.html","null","null"
"<b>H5界面进行微信登录授权 PDF 下载</b>","http://www.java1234.com/a/javabook/webbase/2020/0603/16545.html","https://pan.baidu.com/s/17h7oOMyOCSlx2rC7cexerA","i5ov"
"<b>the road to react 2020 PDF 下载</b>","http://www.java1234.com/a/javabook/webbase/2020/0529/16519.html","https://pan.baidu.com/s/1pGn6wxIp3v9uhSncQBiasQ","szb4"
"<b>web前端面试100问 PDF 下载</b>","http://www.java1234.com/a/javabook/webbase/2020/0525/16494.html","https://pan.baidu.com/s/1xK2T9te-LUH6KVbNkZlklg","xjtk"
"<b>《JavaScript高级程序设计》读书笔记 PDF 下载</b>","http://www.java1234.com/a/javabook/webbase/2020/0517/16448.html","https://pan.baidu.com/s/1NUR-Ruh62JseisznFcnw9A","t927"
"<b><font color="#FF0000">尤雨溪 - 聊聊 Vue.js 3.0 Beta 官方直播完整版 下载</font></b>","http://www.java1234.com/a/javabook/webbase/2020/0512/16430.html","https://pan.baidu.com/s/1WD9B7MAZf6BCL-3MjKuTTg","null"
"javascript高级编程网络安全性 PDF 下载","http://www.java1234.com/a/javabook/webbase/2020/0508/16404.html","https://pan.baidu.com/s/1sHNac-VrDFBJabw7nZTS5g","bthb"
"JavaScript内存管理相关 PDF 下载","http://www.java1234.com/a/javabook/webbase/2020/0410/16226.html","https://pan.baidu.com/s/1bqGhQ1IRwxFboqM9ANrslQ","ipsx"
"AngularJS 速查表 PDF 下载","http://www.java1234.com/a/javabook/webbase/2020/0330/16151.html","https://pan.baidu.com/s/13j-JKhl9USH4XWHEZ-6IUw","18mh"
"Ajax技术的数据响应优化 PDF 下载","http://www.java1234.com/a/javabook/webbase/2020/0327/16128.html","https://pan.baidu.com/s/11rtnnKcpywrKQBZxRYgTEw","k0uv"
"HTML属性标签大全文档 PDF 下载","http://www.java1234.com/a/javabook/webbase/2020/0326/16118.html","https://pan.baidu.com/s/1MJRVttcY1jWYrmzS8bHxjQ","kgay"
"vue项目中使用ztree树形插件 PDF 下载","http://www.java1234.com/a/javabook/webbase/2020/0310/15995.html","https://pan.baidu.com/s/1Gj0sZhM2pSaAbduk_UFAzA","gohv"
"webuploader断点续传 PDF 下载","http://www.java1234.com/a/javabook/webbase/2020/0307/15975.html","https://pan.baidu.com/s/15QeKk0T3ozNVWsecMdk1iQ","null"
"element-ui-api 离线文档 PDF 下载","http://www.java1234.com/a/javabook/webbase/2020/0306/15960.html","https://pan.baidu.com/s/1jfTuyrnQsAXEXHqQjUAIzA","xh22"
"Css的自适应计算 PDF 下载","http://www.java1234.com/a/javabook/webbase/2020/0301/15922.html","https://pan.baidu.com/s/1BLL5iiHfj-JdtAuLZLM0nQ","gu9e"
"JavaScript设计模式中的单例模式和观察者模式 PD","http://www.java1234.com/a/javabook/webbase/2020/0225/15891.html","https://pan.baidu.com/s/1Uaq24uZaXBUTcGL0fxQ7UQ","null"
"Two Scoops of Django 111_en PDF 下载","http://www.java1234.com/a/javabook/webbase/2020/0225/15889.html","https://pan.baidu.com/s/1n03tGk9ieSeYFllpkpxb2A","null"
"js闭包的理解以及作用 PDF 下载","http://www.java1234.com/a/javabook/webbase/2020/0225/15881.html","https://pan.baidu.com/s/17D-598iqqGfMuvMA_Tc1rQ","null"
"ES6语法以及在函数中的使用方法 PDF 下载","http://www.java1234.com/a/javabook/webbase/2020/0223/15868.html","https://pan.baidu.com/s/1F-E7EfDy0fXjBdAVHoVQ4Q","null"
"CSS选择器的介绍和使用 PDF 下载","http://www.java1234.com/a/javabook/webbase/2020/0223/15865.html","https://pan.baidu.com/s/1JgrjZtJLMcqMg2JYYUc95Q","null"
"Getting Started with p5.js中文版 PDF 下载","http://www.java1234.com/a/javabook/webbase/2020/0217/15798.html","https://pan.baidu.com/s/1I0DQa1lniTC_vO9tIVs1AA","null"
"《JavaScript动态网页技术详解》PDF 下载","http://www.java1234.com/a/javabook/webbase/2013/1202/1168.html","null","null"
"JavaScript新手教程 PDF 下载","http://www.java1234.com/a/javabook/webbase/2020/0210/15739.html","https://pan.baidu.com/s/1TUpDDEt6ztjBA-Jin9bRWg","null"
"Flutter环境配置学习文档 PDF 下载","http://www.java1234.com/a/javabook/webbase/2020/0206/15712.html","https://pan.baidu.com/s/1qlahamqJ8fDWQzjLbdVHwA","null"
"Extjs的API阅读方式 PDF 下载","http://www.java1234.com/a/javabook/webbase/2020/0131/15674.html","https://pan.baidu.com/s/14csPDEoY6O0zBqk3Mp3KNw","null"
"D3.js 4.x API中文手册 PDF 下载","http://www.java1234.com/a/javabook/webbase/2020/0122/15633.html","https://pan.baidu.com/s/1jcOd3fE4jcgKZIcH1amDoQ","null"
"《HTML+CSS网页设计与布局从入门到精通》PDF 下载","http://www.java1234.com/a/javabook/webbase/2013/0717/461.html","null","null"
